"ewr","17","Thursday","north","9","18","54","7.6946110505270795"
"ewr","17","Thursday","middle","9","18","54","4.179368932038832"
"ewr","17","Thursday","south","9","18","54","6.034358974358977"
"ewr","17","Thursday","north","9","18","55","28.073838614586748"
"ewr","17","Thursday","south","9","18","55","32.5386983289358"
"ewr","17","Thursday","middle","9","18","55","13.583810660302385"
"ewr","17","Thursday","south","9","18","56","67.0284339457568"
"ewr","17","Thursday","middle","9","18","56","28.895787086764493"
"ewr","17","Thursday","north","9","18","56","55.91192844523466"
"ewr","17","Thursday","north","9","18","57","77.9966404077852"
"ewr","17","Thursday","south","9","18","57","89.61785714285722"
"ewr","17","Thursday","middle","9","18","57","54.03337727708543"
"ewr","17","Thursday","middle","9","18","58","49.61953432631401"
"ewr","17","Thursday","south","9","18","58","104.84201164294954"
"ewr","17","Thursday","north","9","18","58","87.45544319856702"
"ewr","17","Thursday","middle","9","18","59","61.63639189909409"
"ewr","17","Thursday","south","9","18","59","123.2744140625"
"ewr","17","Thursday","north","9","18","59","117.39924645390094"
"ewr","17","Thursday","north","9","19","0","149.75258228291315"
"ewr","17","Thursday","middle","9","19","0","70.34473808400188"
"ewr","17","Thursday","south","9","19","0","125.99753368929554"
"ewr","17","Thursday","north","9","19","1","176.30763097602153"
"ewr","17","Thursday","south","9","19","1","151.12823345742748"
"ewr","17","Thursday","middle","9","19","1","83.66233766233765"
"ewr","17","Thursday","north","9","19","2","170.81213318922914"
"ewr","17","Thursday","south","9","19","2","171.81850228170023"
"ewr","17","Thursday","middle","9","19","2","88.20408163265306"
"ewr","17","Thursday","south","9","19","3","186.66464535097361"
"ewr","17","Thursday","north","9","19","3","173.58522823285057"
"ewr","17","Thursday","middle","9","19","3","81.97305825242722"
"ewr","17","Thursday","south","9","19","4","209.04954780361803"
"ewr","17","Thursday","north","9","19","4","207.87952803901086"
"ewr","17","Thursday","middle","9","19","4","78.5778533931304"
"ewr","17","Thursday","north","9","19","5","249.4453675973335"
"ewr","17","Thursday","south","9","19","5","230.4596977329974"
"ewr","17","Thursday","middle","9","19","5","75.4372663643941"
"ewr","17","Thursday","middle","9","19","6","75.90245386356523"
"ewr","17","Thursday","north","9","19","6","271.41907169828016"
"ewr","17","Thursday","south","9","19","6","247.124816446403"
"ewr","17","Thursday","north","9","19","7","282.6845044600526"
"ewr","17","Thursday","south","9","19","7","261.7652855581366"
"ewr","17","Thursday","middle","9","19","7","76.67590958605663"
"ewr","17","Thursday","north","9","19","8","290.40875387339594"
"ewr","17","Thursday","south","9","19","8","263.346670802317"
"ewr","17","Thursday","middle","9","19","8","91.12442383463649"
"ewr","17","Thursday","north","9","19","9","309.28051904016786"
"ewr","17","Thursday","south","9","19","9","269.1148190045253"
"ewr","17","Thursday","middle","9","19","9","91.741014547867"
"ewr","17","Thursday","south","9","19","10","282.3299120234609"
"ewr","17","Thursday","north","9","19","10","324.31425496681777"
"ewr","17","Thursday","middle","9","19","10","89.48801150366"
"ewr","17","Thursday","north","9","19","11","309.3037759960826"
"ewr","17","Thursday","south","9","19","11","293.3712561947866"
"ewr","17","Thursday","middle","9","19","11","93.77797170131794"
"ewr","17","Thursday","north","9","19","12","316.7595699867451"
"ewr","17","Thursday","south","9","19","12","297.30941704035905"
"ewr","17","Thursday","middle","9","19","12","94.26925060031509"
"ewr","17","Thursday","north","9","19","13","323.62035024756585"
"ewr","17","Thursday","south","9","19","13","302.6960524262738"
"ewr","17","Thursday","middle","9","19","13","94.97624976998092"
"ewr","17","Thursday","north","9","19","14","331.22809864638765"
"ewr","17","Thursday","middle","9","19","14","96.91906421105048"
"ewr","17","Thursday","south","9","19","14","307.5926882304968"
"ewr","17","Thursday","north","9","19","15","346.5158559893892"
"ewr","17","Thursday","south","9","19","15","307.67941414413826"
"ewr","17","Thursday","north","9","19","16","358.1585358452909"
"ewr","17","Thursday","south","9","19","16","286.8318095901312"
"ewr","17","Thursday","middle","9","19","16","111.16697530864192"
"ewr","17","Thursday","north","9","19","17","369.6535075057737"
"ewr","17","Thursday","middle","9","19","17","110.22640533347672"
"ewr","17","Thursday","south","9","19","17","271.24206263498917"
"ewr","17","Thursday","north","9","19","18","398.00899920886076"
"ewr","17","Thursday","south","9","19","18","270.0660211267606"
"ewr","17","Thursday","middle","9","19","18","144.55915164262834"
"ewr","17","Thursday","north","9","19","19","403.2141116941529"
"ewr","17","Thursday","middle","9","19","19","155.2923558897241"
"ewr","17","Thursday","south","9","19","19","273.75005178127583"
"ewr","17","Thursday","north","9","19","20","417.02986632857505"
"ewr","17","Thursday","south","9","19","20","265.3140203449803"
"ewr","17","Thursday","middle","9","19","20","157.90375000000012"
"ewr","17","Thursday","north","9","19","21","425.7911791597523"
"ewr","17","Thursday","south","9","19","21","270.80705882352953"
"ewr","17","Thursday","middle","9","19","21","163.79348877189219"
"ewr","17","Thursday","middle","9","19","22","171.0351653859004"
"ewr","17","Thursday","north","9","19","22","414.702060679378"
"ewr","17","Thursday","south","9","19","22","325.40861344537814"
"ewr","17","Thursday","south","9","19","23","318.1437163620803"
"ewr","17","Thursday","middle","9","19","23","177.13900327314943"
"ewr","17","Thursday","north","9","19","23","427.1460021134199"
"ewr","17","Thursday","middle","9","19","24","179.84551495016612"
"ewr","17","Thursday","north","9","19","24","434.21115505025585"
"ewr","17","Thursday","south","9","19","24","298.35390199637015"
"ewr","17","Thursday","north","9","19","25","439.55694332527486"
"ewr","17","Thursday","middle","9","19","25","181.0294117647059"
"ewr","17","Thursday","south","9","19","25","282.99083445290347"
"ewr","17","Thursday","south","9","19","25","263.41459393357036"
"ewr","17","Thursday","north","9","19","25","441.5793226381432"
"ewr","17","Thursday","middle","9","19","25","181.72927689594397"
"ewr","17","Thursday","south","9","19","26","261.45072271429024"
"ewr","17","Thursday","north","9","19","26","436.1266591676034"
"ewr","17","Thursday","middle","9","19","26","182.70803270803265"
"ewr","17","Thursday","middle","9","19","27","184.08375023161014"
"ewr","17","Thursday","south","9","19","27","267.47964113181513"
"ewr","17","Thursday","north","9","19","27","447.5007039337469"
"ewr","17","Thursday","south","9","19","28","276.2182215424955"
"ewr","17","Thursday","north","9","19","28","451.5375095492739"
"ewr","17","Thursday","middle","9","19","28","185.32304277643263"
"ewr","17","Thursday","south","9","19","29","278.7729606081372"
"ewr","17","Thursday","middle","9","19","29","186.91213950368882"
"ewr","17","Thursday","north","9","19","29","456.31596638655475"
"ewr","17","Thursday","north","9","19","30","458.9177664961913"
"ewr","17","Thursday","south","9","19","30","280.1110328638498"
"ewr","17","Thursday","middle","9","19","30","188.3079212454213"
"ewr","17","Thursday","north","9","19","31","460.9344772403982"
"ewr","17","Thursday","middle","9","19","31","189.69454887218052"
"ewr","17","Thursday","south","9","19","31","285.02863709296787"
"ewr","17","Thursday","middle","9","19","32","239.42504409171062"
"ewr","17","Thursday","south","9","19","32","303.72580031079923"
"ewr","17","Thursday","north","9","19","32","479.4168310477422"
"ewr","17","Thursday","north","9","19","33","481.6237088047231"
"ewr","17","Thursday","south","9","19","33","314.7538169973858"
"ewr","17","Thursday","middle","9","19","33","252.3365439470091"
"ewr","17","Thursday","south","9","19","34","323.10353198922456"
"ewr","17","Thursday","north","9","19","34","482.402953354081"
"ewr","17","Thursday","middle","9","19","34","242.69814054523758"
"ewr","17","Thursday","north","9","19","35","481.8415009707425"
"ewr","17","Thursday","south","9","19","35","335.4790123456786"
"ewr","17","Thursday","middle","9","19","35","244.42997577016274"
"ewr","17","Thursday","north","9","19","36","487.4603471214319"
"ewr","17","Thursday","middle","9","19","36","245.49709784411272"
"ewr","17","Thursday","south","9","19","36","345.45085933223885"
"ewr","17","Thursday","south","9","19","37","345.63809961082666"
"ewr","17","Thursday","north","9","19","37","482.81607351225244"
"ewr","17","Thursday","middle","9","19","37","246.82763793541815"
"ewr","17","Thursday","south","9","19","38","367.04150472043546"
"ewr","17","Thursday","north","9","19","38","483.5440117927008"
"ewr","17","Thursday","south","9","19","39","379.56476290303794"
"ewr","17","Thursday","north","9","19","39","492.01183381750957"
"ewr","17","Thursday","south","9","19","40","381.53981464533365"
"ewr","17","Thursday","north","9","19","40","487.18443040554183"
"ewr","17","Thursday","north","9","19","41","490.7948717948723"
"ewr","17","Thursday","south","9","19","41","377.53350764448925"
"ewr","17","Thursday","middle","9","19","41","237.5063829787234"
"ewr","17","Thursday","south","9","19","42","388.5269230769231"
"ewr","17","Thursday","north","9","19","42","493.0916980701144"
"ewr","17","Thursday","south","9","19","43","407.8021727686026"
"ewr","17","Thursday","north","9","19","43","496.09055160525855"
"ewr","17","Thursday","middle","9","19","43","233"
"ewr","17","Thursday","south","9","19","44","392.65781063480387"
"ewr","17","Thursday","north","9","19","44","498.7292703150907"
"ewr","17","Thursday","middle","9","19","44","228.90707772470697"
"ewr","17","Thursday","south","9","19","45","399.413532763533"
"ewr","17","Thursday","middle","9","19","45","228.92577259475223"
"ewr","17","Thursday","north","9","19","45","502.33426537875056"
"ewr","17","Thursday","south","9","19","46","415.6029613756134"
"ewr","17","Thursday","middle","9","19","46","227.56914285714308"
"ewr","17","Thursday","north","9","19","46","504.70712425595343"
"ewr","17","Thursday","south","9","19","47","397.8809475724072"
"ewr","17","Thursday","middle","9","19","47","221.26533560788712"
"ewr","17","Thursday","north","9","19","47","496.70759136212763"
"ewr","17","Thursday","south","9","19","48","400.5727232004945"
"ewr","17","Thursday","north","9","19","48","492.1206062407275"
"ewr","17","Thursday","middle","9","19","48","218.61907893835385"
"ewr","17","Thursday","north","9","19","49","506.2734034332416"
"ewr","17","Thursday","south","9","19","49","403.11483598311924"
"ewr","17","Thursday","middle","9","19","49","223.01609796652852"
"ewr","17","Thursday","south","9","19","50","409.50468213436875"
"ewr","17","Thursday","north","9","19","50","524.4688059056015"
"ewr","17","Thursday","middle","9","19","50","220.53988419324193"
"ewr","17","Thursday","south","9","19","51","416.68585055369493"
"ewr","17","Thursday","north","9","19","51","515.051438429983"
"ewr","17","Thursday","middle","9","19","51","244.85019582723655"
"ewr","17","Thursday","south","9","19","52","413.4657339560998"
"ewr","17","Thursday","middle","9","19","52","246.97231996246776"
"ewr","17","Thursday","north","9","19","52","523.5414862914863"
"ewr","17","Thursday","south","9","19","53","418.43373493976065"
"ewr","17","Thursday","north","9","19","53","527.7708333333331"
"ewr","17","Thursday","middle","9","19","53","241.34629976999156"
"ewr","17","Thursday","middle","9","19","54","248.19702991035302"
"ewr","17","Thursday","south","9","19","54","411.9961343393479"
"ewr","17","Thursday","north","9","19","54","532.814705569728"
"ewr","17","Thursday","south","9","19","55","416.7038735010087"
"ewr","17","Thursday","middle","9","19","55","250.07751831672655"
"ewr","17","Thursday","north","9","19","55","526.3399130143853"
"ewr","17","Thursday","south","9","19","56","421.4455864383721"
"ewr","17","Thursday","middle","9","19","56","243.84024699614696"
"ewr","17","Thursday","north","9","19","56","525.8053246753246"
"ewr","17","Thursday","north","9","19","57","512.1650018961432"
"ewr","17","Thursday","south","9","19","57","417.23970044910044"
"ewr","17","Thursday","middle","9","19","57","243.76953125001097"
"ewr","17","Thursday","south","9","19","57","410.304196366364"
"ewr","17","Thursday","north","9","19","57","511.14590424324933"
"ewr","17","Thursday","middle","9","19","57","246.9354619565227"
"ewr","17","Thursday","middle","9","19","58","245.04258758935174"
"ewr","17","Thursday","south","9","19","58","414.3712351478308"
"ewr","17","Thursday","north","9","19","58","500.1949159271279"
"ewr","17","Thursday","north","9","19","59","524.1531770698443"
"ewr","17","Thursday","south","9","19","59","416.6625531914896"
"ewr","17","Thursday","middle","9","19","59","250.7884377990307"
"ewr","17","Thursday","north","9","20","0","527.0686219540036"
"ewr","17","Thursday","middle","9","20","0","256.75244575442105"
"ewr","17","Thursday","north","9","20","1","524.8583181818169"
"ewr","17","Thursday","middle","9","20","1","258.82507002801117"
"ewr","17","Thursday","south","9","20","1","407.2360198316584"
"ewr","17","Thursday","middle","9","20","2","252.71508663566576"
"ewr","17","Thursday","north","9","20","2","528.1926879389505"
"ewr","17","Thursday","south","9","20","2","392.30000000007874"
"ewr","17","Thursday","middle","9","20","3","271.0616438356163"
"ewr","17","Thursday","north","9","20","3","536.7892523364479"
"ewr","17","Thursday","north","9","20","4","544.2989775999798"
"ewr","17","Thursday","south","9","20","4","381.2406052181634"
"ewr","17","Thursday","middle","9","20","4","296.68850915431625"
"ewr","17","Thursday","north","9","20","5","542.9730396180687"
"ewr","17","Thursday","south","9","20","5","378.929424519559"
"ewr","17","Thursday","middle","9","20","5","290.4490549289907"
"ewr","17","Thursday","north","9","20","6","543.340295680189"
"ewr","17","Thursday","south","9","20","6","375.56842426915125"
"ewr","17","Thursday","middle","9","20","6","287.47808777373314"
"ewr","17","Thursday","north","9","20","7","541.2414458970283"
"ewr","17","Thursday","south","9","20","7","372.6117496807219"
"ewr","17","Thursday","middle","9","20","7","280.45214474702595"
"ewr","17","Thursday","middle","9","20","8","289.0133250392879"
"ewr","17","Thursday","north","9","20","8","546.9775402614282"
"ewr","17","Thursday","south","9","20","8","369.35787705808684"
"ewr","17","Thursday","south","9","20","9","364.3853519844498"
"ewr","17","Thursday","middle","9","20","9","289.9291550639254"
"ewr","17","Thursday","north","9","20","9","553.5823601282632"
"ewr","17","Thursday","north","9","20","10","548.0966555313352"
"ewr","17","Thursday","south","9","20","10","359.11002641589886"
"ewr","17","Thursday","middle","9","20","10","285.8630750690225"
"ewr","17","Thursday","north","9","20","11","544.8930794728726"
"ewr","17","Thursday","south","9","20","11","377.8392614716269"
"ewr","17","Thursday","middle","9","20","11","279.8143576078652"
"ewr","17","Thursday","south","9","20","12","376.23301573240303"
"ewr","17","Thursday","north","9","20","12","550.5525507871185"
"ewr","17","Thursday","middle","9","20","12","279.39109400633515"
"ewr","17","Thursday","south","9","20","13","371.4826756190649"
"ewr","17","Thursday","north","9","20","13","561.0080339889581"
"ewr","17","Thursday","middle","9","20","13","275.43144439016436"
"ewr","17","Thursday","south","9","20","14","379.40354991896265"
"ewr","17","Thursday","north","9","20","14","559.9813148132182"
"ewr","17","Thursday","middle","9","20","14","269.44206246218096"
"ewr","17","Thursday","south","9","20","15","382.8455446109615"
"ewr","17","Thursday","middle","9","20","15","258.6338385640397"
"ewr","17","Thursday","north","9","20","15","560.1023152435348"
"ewr","17","Thursday","south","9","20","16","380.1320577146421"
"ewr","17","Thursday","middle","9","20","16","256.4802889958396"
"ewr","17","Thursday","north","9","20","16","553.0460842170527"
"ewr","17","Thursday","south","9","20","17","380.9294155068227"
"ewr","17","Thursday","middle","9","20","17","257.60050041701305"
"ewr","17","Thursday","north","9","20","17","555.3834106523656"
"ewr","17","Thursday","north","9","20","18","553.3792845045919"
"ewr","17","Thursday","south","9","20","18","369.4749471042511"
"ewr","17","Thursday","middle","9","20","18","260.4240129068462"
"ewr","17","Thursday","south","9","20","19","375.8930995305474"
"ewr","17","Thursday","middle","9","20","19","259.1714390016958"
"ewr","17","Thursday","north","9","20","19","559.0840353201052"
"ewr","17","Thursday","south","9","20","20","386.4816021507785"
"ewr","17","Thursday","north","9","20","20","560.0377775125311"
"ewr","17","Thursday","middle","9","20","20","257.9614885017914"
"ewr","17","Thursday","south","9","20","20","390.3775680988527"
"ewr","17","Thursday","middle","9","20","20","257.9494949494952"
"ewr","17","Thursday","north","9","20","20","567.8174882629031"
"ewr","17","Thursday","south","9","20","21","394.8118753894099"
"ewr","17","Thursday","north","9","20","21","572.8192611164393"
"ewr","17","Thursday","middle","9","20","21","258.3135367571229"
"ewr","17","Thursday","south","9","20","22","401.0825465800238"
"ewr","17","Thursday","north","9","20","22","575.0791161878933"
"ewr","17","Thursday","middle","9","20","22","258.7307692307702"
"ewr","17","Thursday","north","9","20","23","575.1636100386094"
"ewr","17","Thursday","south","9","20","23","399.83917205440576"
"ewr","17","Thursday","middle","9","20","23","278.06277372262747"
"ewr","17","Thursday","south","9","20","24","404.2645244461416"
"ewr","17","Thursday","north","9","20","24","572.163091750873"
"ewr","17","Thursday","middle","9","20","24","303.55626444752687"
"ewr","17","Thursday","south","9","20","25","409.3944530250444"
"ewr","17","Thursday","middle","9","20","25","315.7411027568917"
"ewr","17","Thursday","north","9","20","25","578.0572352985706"
"ewr","17","Thursday","middle","9","20","26","313.85555464140896"
"ewr","17","Thursday","south","9","20","26","417.6249283778428"
"ewr","17","Thursday","north","9","20","26","584.9422178431817"
"ewr","17","Thursday","middle","9","20","27","317.7203832494809"
"ewr","17","Thursday","south","9","20","27","422.44460634913577"
"ewr","17","Thursday","north","9","20","27","589.2345408422116"
"ewr","17","Thursday","middle","9","20","28","327.1566291972907"
"ewr","17","Thursday","north","9","20","28","576.4326625766006"
"ewr","17","Thursday","south","9","20","28","424.6113753434072"
"ewr","17","Thursday","middle","9","20","29","328.6898009882813"
"ewr","17","Thursday","south","9","20","29","428.13002486834426"
"ewr","17","Thursday","north","9","20","29","573.9394935522944"
"ewr","17","Thursday","south","9","20","30","431.94834293948094"
"ewr","17","Thursday","north","9","20","30","567.2160779220766"
"ewr","17","Thursday","middle","9","20","30","325.9631313131314"
"ewr","17","Thursday","south","9","20","31","435.1917919799496"
"ewr","17","Thursday","north","9","20","31","570.2950698291273"
"ewr","17","Thursday","middle","9","20","31","323.4082882882886"
"ewr","17","Thursday","north","9","20","32","564.6735538314956"
"ewr","17","Thursday","south","9","20","32","438.6417997097228"
"ewr","17","Thursday","middle","9","20","32","323.7194508007732"
"ewr","17","Thursday","south","9","20","33","441.6956797235222"
"ewr","17","Thursday","middle","9","20","33","323.64891041162196"
"ewr","17","Thursday","north","9","20","33","561.8865764593587"
"ewr","17","Thursday","south","9","20","34","450.81566310975916"
"ewr","17","Thursday","north","9","20","34","563.1257485029935"
"ewr","17","Thursday","middle","9","20","34","323.8414238946603"
"ewr","17","Thursday","north","9","20","35","564.6023266493817"
"ewr","17","Thursday","middle","9","20","35","321.2214266759587"
"ewr","17","Thursday","south","9","20","35","445.80520716948695"
"ewr","17","Thursday","south","9","20","36","445.8860606920062"
"ewr","17","Thursday","middle","9","20","36","317.6036485046945"
"ewr","17","Thursday","north","9","20","36","554.4184356473495"
"ewr","17","Thursday","middle","9","20","37","320.4866860428809"
"ewr","17","Thursday","north","9","20","37","548.4161920051118"
"ewr","17","Thursday","south","9","20","37","446.97560975608707"
"ewr","17","Thursday","north","9","20","38","547.6516505158589"
"ewr","17","Thursday","middle","9","20","38","325.4133001404549"
"ewr","17","Thursday","north","9","20","39","547.5955199596027"
"ewr","17","Thursday","middle","9","20","39","315.4253928282386"
"ewr","17","Thursday","south","9","20","39","445.2456560068179"
"ewr","17","Thursday","middle","9","20","40","314.0145736305832"
"ewr","17","Thursday","north","9","20","40","548.7483272948047"
"ewr","17","Thursday","south","9","20","40","439.2922514232666"
"ewr","17","Thursday","middle","9","20","41","309.62524140266993"
"ewr","17","Thursday","south","9","20","41","431.83251184473545"
"ewr","17","Thursday","north","9","20","41","544.7594231240901"
"ewr","17","Thursday","middle","9","20","42","308.10349409448855"
"ewr","17","Thursday","north","9","20","42","548.9021048538523"
"ewr","17","Thursday","south","9","20","42","436.39963562319116"
"ewr","17","Thursday","south","9","20","43","431.6024736329308"
"ewr","17","Thursday","north","9","20","43","552.4740074906404"
"ewr","17","Thursday","middle","9","20","43","307.03513363252074"
"ewr","17","Thursday","south","9","20","44","431.01473063973674"
"ewr","17","Thursday","north","9","20","44","548.9151680957763"
"ewr","17","Thursday","middle","9","20","44","303.2166694466315"
"ewr","17","Thursday","north","9","20","45","550.2163765438112"
"ewr","17","Thursday","middle","9","20","45","301.37906588823995"
"ewr","17","Thursday","south","9","20","45","432.78105590064985"
"ewr","17","Thursday","middle","9","20","45","309.35150138604"
"ewr","17","Thursday","north","9","20","45","555.2640147455918"
"ewr","17","Thursday","north","9","20","44","552.3333333335972"
"ewr","17","Thursday","south","9","20","45","433.33511694618267"
"ewr","17","Thursday","middle","9","20","44","302.82575757540263"
"ewr","17","Thursday","south","9","20","44","433.03409091093306"
"ewr","17","Thursday","north","9","20","46","559.1221452246238"
"ewr","17","Thursday","south","9","20","46","433.4365777286739"
"ewr","17","Thursday","middle","9","20","46","311.0182011119057"
"ewr","17","Thursday","middle","9","20","47","312.5002781125427"
"ewr","17","Thursday","south","9","20","47","434.5176390701414"
"ewr","17","Thursday","north","9","20","47","558.878694224459"
"ewr","17","Thursday","north","9","20","48","562.4219675846407"
"ewr","17","Thursday","middle","9","20","48","325.1021652394764"
"ewr","17","Thursday","south","9","20","48","436.0802764619943"
"ewr","17","Thursday","south","9","20","49","438.60765379908895"
"ewr","17","Thursday","north","9","20","49","545.744840865303"
"ewr","17","Thursday","middle","9","20","49","324.8606465997771"
"ewr","17","Thursday","south","9","20","50","441.3788025319784"
"ewr","17","Thursday","north","9","20","50","536.9771604205314"
"ewr","17","Thursday","middle","9","20","50","332.76173901266156"
"ewr","17","Thursday","middle","9","20","51","341.78995998762696"
"ewr","17","Thursday","south","9","20","51","438.88388106412526"
"ewr","17","Thursday","north","9","20","51","538.2442308951792"
"ewr","17","Thursday","north","9","20","52","551.0120396549695"
"ewr","17","Thursday","middle","9","20","52","342.07789669647"
"ewr","17","Thursday","south","9","20","52","440.3110668437365"
"ewr","17","Thursday","north","9","20","53","555.5947359759252"
"ewr","17","Thursday","middle","9","20","53","338.6834303148622"
"ewr","17","Thursday","south","9","20","53","441.85665488810514"
"ewr","17","Thursday","north","9","20","54","556.6936336179045"
"ewr","17","Thursday","south","9","20","54","447.2097208113963"
"ewr","17","Thursday","middle","9","20","54","342.24900318267413"
"ewr","17","Thursday","north","9","20","55","556.7298436965789"
"ewr","17","Thursday","middle","9","20","55","340.6737509117432"
"ewr","17","Thursday","south","9","20","55","500.16547879708696"
"ewr","17","Thursday","middle","9","20","56","341.03728194726057"
"ewr","17","Thursday","south","9","20","56","504.49089557785715"
"ewr","17","Thursday","north","9","20","56","559.812143950576"
"ewr","17","Thursday","middle","9","20","57","358.7148939272435"
"ewr","17","Thursday","north","9","20","57","556.6048346424733"
"ewr","17","Thursday","south","9","20","57","506.1730196545573"
"ewr","17","Thursday","north","9","20","58","550.7023148148136"
"ewr","17","Thursday","south","9","20","58","508.0776650826308"
"ewr","17","Thursday","middle","9","20","58","360.7654545975894"
"ewr","17","Thursday","north","9","20","59","544.6958781770853"
"ewr","17","Thursday","south","9","20","59","510.48206761156774"
"ewr","17","Thursday","middle","9","20","59","354.48985982028205"
"ewr","17","Thursday","north","9","21","0","552.3412927529902"
"ewr","17","Thursday","middle","9","21","0","352.2116756642105"
"ewr","17","Thursday","south","9","21","0","511.1506383712883"
"ewr","17","Thursday","middle","9","21","1","359.48667577958986"
"ewr","17","Thursday","north","9","21","1","549.8047650113447"
"ewr","17","Thursday","south","9","21","1","507.58663927051646"
"ewr","17","Thursday","south","9","21","2","502.3091755319139"
"ewr","17","Thursday","north","9","21","2","547.8065885047585"
"ewr","17","Thursday","middle","9","21","2","359.2845279584203"
"ewr","17","Thursday","south","9","21","3","503.6319508685365"
"ewr","17","Thursday","middle","9","21","3","356.49906896564926"
"ewr","17","Thursday","north","9","21","3","548.6435990756572"
"ewr","17","Thursday","middle","9","21","4","355.03738431635685"
"ewr","17","Thursday","south","9","21","4","504.63089548647963"
"ewr","17","Thursday","north","9","21","4","545.8477947534254"
"ewr","17","Thursday","middle","9","21","5","351.70650230818956"
"ewr","17","Thursday","north","9","21","5","546.3902996092181"
"ewr","17","Thursday","south","9","21","5","497.495163674622"
"ewr","17","Thursday","middle","9","21","6","353.013883601189"
"ewr","17","Thursday","north","9","21","6","561.4455797066447"
"ewr","17","Thursday","south","9","21","6","499.6992174339683"
"ewr","17","Thursday","south","9","21","7","495.8115393276165"
"ewr","17","Thursday","north","9","21","7","569.2760679904312"
"ewr","17","Thursday","middle","9","21","7","354.8142613277215"
"ewr","17","Thursday","middle","9","21","8","353.2055642449583"
"ewr","17","Thursday","north","9","21","8","575.8133893205044"
"ewr","17","Thursday","south","9","21","8","494.4306669096308"
"ewr","17","Thursday","north","9","21","9","581.490048302929"
"ewr","17","Thursday","south","9","21","9","492.69764846464494"
"ewr","17","Thursday","middle","9","21","9","347.19704860751614"
"ewr","17","Thursday","south","9","21","10","489.94586956522045"
"ewr","17","Thursday","north","9","21","10","584.3014200641309"
"ewr","17","Thursday","middle","9","21","10","346.66881437650505"
"ewr","17","Thursday","south","9","21","9","490.38000000164897"
"ewr","17","Thursday","north","9","21","9","584.6525423733071"
"ewr","17","Thursday","middle","9","21","9","345.5075530803999"
"ewr","17","Thursday","south","9","21","10","491.0435825545185"
"ewr","17","Thursday","north","9","21","10","585.4014607255318"
"ewr","17","Thursday","middle","9","21","10","345.1990910752579"
"ewr","17","Thursday","north","9","21","11","583.9983594512616"
"ewr","17","Thursday","south","9","21","11","494.22893129771387"
"ewr","17","Thursday","middle","9","21","11","343.3726856602266"
"ewr","17","Thursday","north","9","21","12","581.2081458241192"
"ewr","17","Thursday","middle","9","21","12","343.0198886594244"
"ewr","17","Thursday","south","9","21","12","498.1283202099748"
"ewr","17","Thursday","north","9","21","13","582.1827074366001"
"ewr","17","Thursday","south","9","21","13","497.41532114532265"
"ewr","17","Thursday","middle","9","21","13","342.9682619515927"
"ewr","17","Thursday","south","9","21","14","492.35557130574114"
"ewr","17","Thursday","north","9","21","14","578.0000016128943"
"ewr","17","Thursday","middle","9","21","14","341.8641009598007"
"ewr","17","Thursday","south","9","21","15","491.631102187947"
"ewr","17","Thursday","middle","9","21","15","339.60732789201575"
"ewr","17","Thursday","north","9","21","15","578.5809569265374"
"ewr","17","Thursday","south","9","21","16","488.6821085405801"
"ewr","17","Thursday","north","9","21","16","573.0243625686468"
"ewr","17","Thursday","middle","9","21","16","340.81519865615485"
"ewr","17","Thursday","south","9","21","17","491.0619874748887"
"ewr","17","Thursday","middle","9","21","17","338.3411024334151"
"ewr","17","Thursday","north","9","21","17","569.5891637713327"
"ewr","17","Thursday","north","9","21","18","570.8886424110832"
"ewr","17","Thursday","middle","9","21","18","339.19662525993334"
"ewr","17","Thursday","south","9","21","18","489.34119806552286"
"ewr","17","Thursday","north","9","21","19","570.5241484128599"
"ewr","17","Thursday","middle","9","21","19","335.30473017736944"
"ewr","17","Thursday","south","9","21","19","487.05909388098513"
"ewr","17","Thursday","middle","9","21","20","332.63832430162455"
"ewr","17","Thursday","south","9","21","20","486.3006724066954"
"ewr","17","Thursday","north","9","21","20","569.1803785791687"
"ewr","17","Thursday","north","9","21","21","566.1180802283527"
"ewr","17","Thursday","middle","9","21","21","340.0551486318414"
"ewr","17","Thursday","south","9","21","21","481.9980533073547"
"ewr","17","Thursday","middle","9","21","22","334.5491919665307"
"ewr","17","Thursday","north","9","21","22","561.3889883828579"
"ewr","17","Thursday","south","9","21","22","483.9188797268149"
"ewr","17","Thursday","middle","9","21","23","338.7684908598853"
"ewr","17","Thursday","north","9","21","23","547.9431482549777"
"ewr","17","Thursday","south","9","21","23","487.63423539084715"
"ewr","17","Thursday","north","9","21","24","539.8120985620466"
"ewr","17","Thursday","middle","9","21","24","339.93568944568614"
"ewr","17","Thursday","south","9","21","24","483.36242793080976"
"ewr","17","Thursday","north","9","21","25","544.7611610473298"
"ewr","17","Thursday","south","9","21","25","487.01254128819124"
"ewr","17","Thursday","middle","9","21","25","353.7646588806395"
"ewr","17","Thursday","north","9","21","26","542.8842183707058"
"ewr","17","Thursday","south","9","21","26","487.3199842598037"
"ewr","17","Thursday","middle","9","21","26","358.185980992895"
"ewr","17","Thursday","south","9","21","27","491.5220043051891"
"ewr","17","Thursday","north","9","21","27","540.9750165418943"
"ewr","17","Thursday","middle","9","21","27","357.3499820981188"
"ewr","17","Thursday","north","9","21","28","536.7071492151158"
"ewr","17","Thursday","south","9","21","28","511.4306784660808"
"ewr","17","Thursday","middle","9","21","28","373.55331112036754"
"ewr","17","Thursday","north","9","21","29","539.1273179285724"
"ewr","17","Thursday","south","9","21","29","508.50699828279943"
"ewr","17","Thursday","south","9","21","30","500.43965499137715"
"ewr","17","Thursday","north","9","21","30","540.3004072326779"
"ewr","17","Thursday","middle","9","21","30","372.22236854707353"
"ewr","17","Thursday","north","9","21","31","545.1411677253689"
"ewr","17","Thursday","south","9","21","31","499.59686609686077"
"ewr","17","Thursday","middle","9","21","31","372.3608291032152"
"ewr","17","Thursday","south","9","21","31","499.1760388224083"
"ewr","17","Thursday","middle","9","21","31","370.8754632678233"
"ewr","17","Thursday","north","9","21","31","547.1823447991073"
"ewr","17","Thursday","south","9","21","30","499.9772079771676"
"ewr","17","Thursday","north","9","21","30","545.9558498886521"
"ewr","17","Thursday","middle","9","21","30","370.56565656534576"
"ewr","17","Thursday","north","9","21","32","550.8029048737752"
"ewr","17","Thursday","south","9","21","32","499.2343048922776"
"ewr","17","Thursday","middle","9","21","32","370.82828282822885"
"ewr","17","Thursday","south","9","21","33","501.0888104916088"
"ewr","17","Thursday","north","9","21","33","556.2635255256571"
"ewr","17","Thursday","middle","9","21","33","373.78416490024017"
"ewr","17","Thursday","north","9","21","34","561.8449144269481"
"ewr","17","Thursday","south","9","21","34","501.27626405216364"
"ewr","17","Thursday","middle","9","21","34","373.2216006852696"
"ewr","17","Thursday","north","9","21","35","565.2532107036672"
"ewr","17","Thursday","south","9","21","35","502.06955336575913"
"ewr","17","Thursday","middle","9","21","35","368.30078324845454"
"ewr","17","Thursday","south","9","21","36","501.9881269940332"
"ewr","17","Thursday","north","9","21","36","567.1833777608598"
"ewr","17","Thursday","middle","9","21","36","371.58659616316305"
"ewr","17","Thursday","south","9","21","37","494.4584717015404"
"ewr","17","Thursday","north","9","21","37","567.0808297963073"
"ewr","17","Thursday","middle","9","21","37","371.19385286535845"
"ewr","17","Thursday","north","9","21","38","567.9066814595644"
"ewr","17","Thursday","south","9","21","38","488.51671593184204"
"ewr","17","Thursday","middle","9","21","38","371.6538908246129"
"ewr","17","Thursday","south","9","21","39","486.2671843148"
"ewr","17","Thursday","north","9","21","39","571.7482744718596"
"ewr","17","Thursday","middle","9","21","39","376.8907317073202"
"ewr","17","Thursday","north","9","21","40","577.9778893923648"
"ewr","17","Thursday","south","9","21","40","490.292664531699"
"ewr","17","Thursday","middle","9","21","40","378.52487804878007"
"ewr","17","Thursday","north","9","21","41","588.2032327207025"
"ewr","17","Thursday","south","9","21","41","487.77480776359926"
"ewr","17","Thursday","middle","9","21","41","378.81259496201505"
"ewr","17","Thursday","north","9","21","42","590.2122243141483"
"ewr","17","Thursday","south","9","21","42","484.68719808662746"
"ewr","17","Thursday","middle","9","21","42","388.3697683167735"
"ewr","17","Thursday","middle","9","21","43","403.43952981129803"
"ewr","17","Thursday","north","9","21","43","591.7903566623115"
"ewr","17","Thursday","south","9","21","43","486.93175771753386"
"ewr","17","Thursday","middle","9","21","44","403.79187871502256"
"ewr","17","Thursday","north","9","21","44","592.6647124129345"
"ewr","17","Thursday","south","9","21","44","488.39241579010485"
"ewr","17","Thursday","middle","9","21","45","405.2497465259121"
"ewr","17","Thursday","south","9","21","45","491.9682077716147"
"ewr","17","Thursday","north","9","21","45","593.7673024194763"
"ewr","17","Thursday","south","9","21","46","488.6110377906776"
"ewr","17","Thursday","north","9","21","46","594.5299457636095"
"ewr","17","Thursday","middle","9","21","46","406.18755691377135"
"ewr","17","Thursday","north","9","21","47","595.2340197211888"
"ewr","17","Thursday","south","9","21","47","490.71607599227957"
"ewr","17","Thursday","middle","9","21","47","406.23804612489505"
"ewr","17","Thursday","north","9","21","48","590.8886766416249"
"ewr","17","Thursday","middle","9","21","48","407.1289412342039"
"ewr","17","Thursday","south","9","21","48","489.613285241508"
"ewr","17","Thursday","north","9","21","49","594.0637165267794"
"ewr","17","Thursday","south","9","21","49","495.06411098168473"
"ewr","17","Thursday","middle","9","21","49","409.45890318708837"
"ewr","17","Thursday","north","9","21","50","597.3647168059426"
"ewr","17","Thursday","middle","9","21","50","421.7984861550265"
"ewr","17","Thursday","south","9","21","50","500.84700486051247"
"ewr","17","Thursday","south","9","21","51","506.75924007749785"
"ewr","17","Thursday","north","9","21","51","602.4887888262163"
"ewr","17","Thursday","middle","9","21","51","421.19173190015533"
"ewr","17","Thursday","north","9","21","52","608.4001312548983"
"ewr","17","Thursday","south","9","21","52","509.0397771650663"
"ewr","17","Thursday","middle","9","21","52","421.3978308493927"
"ewr","17","Thursday","middle","9","21","53","425.6475751577386"
"ewr","17","Thursday","north","9","21","53","604.2125857748945"
"ewr","17","Thursday","south","9","21","53","511.71857373978156"
"ewr","17","Thursday","north","9","21","54","600.7056067789102"
"ewr","17","Thursday","south","9","21","54","512.0260389475458"
"ewr","17","Thursday","middle","9","21","54","424.85530602056957"
"ewr","17","Thursday","north","9","21","55","601.6157359936219"
"ewr","17","Thursday","south","9","21","55","511.6480107349756"
"ewr","17","Thursday","middle","9","21","55","424.5631432341264"
"ewr","17","Thursday","north","9","21","56","612.3387503501847"
"ewr","17","Thursday","south","9","21","56","512.1203358209835"
"ewr","17","Thursday","middle","9","21","56","424.00344036695526"
"ewr","17","Thursday","south","9","21","56","512.5892646144282"
"ewr","17","Thursday","north","9","21","56","609.2391004227698"
"ewr","17","Thursday","middle","9","21","56","424.0716743119236"
"ewr","17","Thursday","north","9","21","55","611.4406917666378"
"ewr","17","Thursday","south","9","21","55","512.1791044782318"
"ewr","17","Thursday","middle","9","21","55","424.0137614671914"
"ewr","17","Thursday","north","9","21","57","605.2792865372926"
"ewr","17","Thursday","south","9","21","57","513.4533620716322"
"ewr","17","Thursday","middle","9","21","57","426.8237317863006"
"ewr","17","Thursday","north","9","21","58","605.0822066806693"
"ewr","17","Thursday","south","9","21","58","510.9370621813775"
"ewr","17","Thursday","middle","9","21","58","441.98884968242237"
"ewr","17","Thursday","middle","9","21","59","444.905431671933"
"ewr","17","Thursday","north","9","21","59","606.7886655578474"
"ewr","17","Thursday","north","9","22","0","611.998640639712"
"ewr","17","Thursday","middle","9","22","0","442.52032938760016"
"ewr","17","Thursday","south","9","22","0","512.8902275769556"
"ewr","17","Thursday","north","9","22","1","614.7394950108442"
"ewr","17","Thursday","middle","9","22","1","440.05363502306284"
"ewr","17","Thursday","north","9","22","2","618.048000140098"
"ewr","17","Thursday","middle","9","22","2","440.3287250167318"
"ewr","17","Thursday","north","9","22","3","620.8857877143153"
"ewr","17","Thursday","middle","9","22","3","441.54324317471486"
"ewr","17","Thursday","south","9","22","3","511.1257606490853"
"ewr","17","Thursday","north","9","22","4","624.1795681063184"
"ewr","17","Thursday","south","9","22","4","527.2381715795249"
"ewr","17","Thursday","middle","9","22","4","438.4276344131648"
"ewr","17","Thursday","middle","9","22","5","437.8564841415778"
"ewr","17","Thursday","south","9","22","5","524.4678193119516"
"ewr","17","Thursday","north","9","22","5","625.4047980616695"
"ewr","17","Thursday","middle","9","22","6","447.1923242629428"
"ewr","17","Thursday","south","9","22","6","523.5338435643102"
"ewr","17","Thursday","north","9","22","6","622.3179539757494"
"ewr","17","Thursday","south","9","22","7","520.2786456615028"
"ewr","17","Thursday","middle","9","22","7","455.44925842073786"
"ewr","17","Thursday","north","9","22","7","621.6615000237903"
"ewr","17","Thursday","north","9","22","8","625.2832735518477"
"ewr","17","Thursday","south","9","22","8","522.2305168796544"
"ewr","17","Thursday","middle","9","22","8","455.86094834370886"
"ewr","17","Thursday","south","9","22","9","524.8923224978649"
"ewr","17","Thursday","north","9","22","9","628.7404506065863"
"ewr","17","Thursday","middle","9","22","9","452.82268274151346"
"ewr","17","Thursday","south","9","22","10","527.2782763532769"
"ewr","17","Thursday","north","9","22","10","634.5378379349654"
"ewr","17","Thursday","middle","9","22","10","447.0427314361674"
"ewr","17","Thursday","south","9","22","11","528.6355108683017"
"ewr","17","Thursday","north","9","22","11","643.7663408008661"
"ewr","17","Thursday","middle","9","22","11","443.9484482762107"
"ewr","17","Thursday","north","9","22","12","642.2344878244055"
"ewr","17","Thursday","south","9","22","12","530.165906897363"
"ewr","17","Thursday","middle","9","22","12","444.5921633140301"
"ewr","17","Thursday","south","9","22","13","528.2000279211688"
"ewr","17","Thursday","north","9","22","13","644.1583340022329"
"ewr","17","Thursday","middle","9","22","13","445.6243099750385"
"ewr","17","Thursday","north","9","22","14","645.1182843924095"
"ewr","17","Thursday","south","9","22","14","526.9420401219894"
"ewr","17","Thursday","middle","9","22","14","445.69471242439204"
"ewr","17","Thursday","north","9","22","15","647.6280622582394"
"ewr","17","Thursday","south","9","22","15","527.4358001718033"
"ewr","17","Thursday","middle","9","22","15","446.0266736401716"
"ewr","17","Thursday","south","9","22","16","525.4260211951807"
"ewr","17","Thursday","north","9","22","16","649.5922236809027"
"ewr","17","Thursday","north","9","22","17","648.1614620636909"
"ewr","17","Thursday","south","9","22","17","526.428418038654"
"ewr","17","Thursday","middle","9","22","16","444.17916666561615"
"ewr","17","Thursday","middle","9","22","17","443.24225329811804"
"ewr","17","Thursday","north","9","22","18","649.815701264323"
"ewr","17","Thursday","middle","9","22","18","440.8469511266221"
"ewr","17","Thursday","south","9","22","18","524.7252392611996"
"ewr","17","Thursday","south","9","22","19","524.7880847952874"
"ewr","17","Thursday","middle","9","22","19","439.4150903741089"
"ewr","17","Thursday","north","9","22","19","651.0764324912201"
"ewr","17","Thursday","middle","9","22","19","439.7855191257573"
"ewr","17","Thursday","north","9","22","19","651.5470869911588"
"ewr","17","Thursday","south","9","22","19","525.2299382704946"
"ewr","17","Thursday","north","9","22","20","650.4326492819959"
"ewr","17","Thursday","south","9","22","20","524.8388396057579"
"ewr","17","Thursday","middle","9","22","20","454.082537449691"
"ewr","17","Thursday","middle","9","22","21","479.57907831410773"
"ewr","17","Thursday","south","9","22","21","523.1548548094624"
"ewr","17","Thursday","north","9","22","21","645.8434704928494"
"ewr","17","Thursday","south","9","22","22","522.3312137975203"
"ewr","17","Thursday","north","9","22","22","639.4041811810465"
"ewr","17","Thursday","middle","9","22","22","478.0608870967757"
"ewr","17","Thursday","north","9","22","23","644.8483636255708"
"ewr","17","Thursday","south","9","22","23","518.7863617736206"
"ewr","17","Thursday","middle","9","22","23","475.96908398194034"
"ewr","17","Thursday","south","9","22","24","518.5694250604944"
"ewr","17","Thursday","middle","9","22","24","480.6278490433866"
"ewr","17","Thursday","north","9","22","24","644.2626854637598"
"ewr","17","Thursday","south","9","22","25","518.1900815910178"
"ewr","17","Thursday","north","9","22","25","642.6093497601854"
"ewr","17","Thursday","middle","9","22","25","487.7951104783006"
"ewr","17","Thursday","north","9","22","26","640.5305717379347"
"ewr","17","Thursday","middle","9","22","26","480.06618800616997"
"ewr","17","Thursday","south","9","22","26","519.4504826254815"
"ewr","17","Thursday","north","9","22","27","637.9560634154408"
"ewr","17","Thursday","middle","9","22","27","478.006166145737"
"ewr","17","Thursday","south","9","22","27","520.2024280377888"
"ewr","17","Thursday","north","9","22","28","632.6485947576573"
"ewr","17","Thursday","middle","9","22","28","476.24709268502613"
"ewr","17","Thursday","south","9","22","28","518.0285170879555"
"ewr","17","Thursday","north","9","22","29","633.4762556390895"
"ewr","17","Thursday","south","9","22","29","518.620082316728"
"ewr","17","Thursday","middle","9","22","29","490.8379019688816"
"ewr","17","Thursday","middle","9","22","30","497.63667211167166"
"ewr","17","Thursday","north","9","22","30","635.0799271278224"
"ewr","17","Thursday","south","9","22","30","519.7933715016209"
"ewr","17","Thursday","middle","9","22","31","497.11582261474325"
"ewr","17","Thursday","north","9","22","31","628.1313591965181"
"ewr","17","Thursday","south","9","22","31","518.0758599695586"
"ewr","17","Thursday","middle","9","22","32","501.88837170475205"
"ewr","17","Thursday","north","9","22","32","628.6460894279455"
"ewr","17","Thursday","south","9","22","32","518.0283600664761"
"ewr","17","Thursday","south","9","22","33","517.7989163400571"
"ewr","17","Thursday","north","9","22","33","627.1774993151598"
"ewr","17","Thursday","middle","9","22","33","513.6478452279982"
"ewr","17","Thursday","south","9","22","34","520.7196023146114"
"ewr","17","Thursday","middle","9","22","34","514.6522065582078"
"ewr","17","Thursday","north","9","22","34","626.0841090968382"
"ewr","17","Thursday","south","9","22","35","523.4211825569265"
"ewr","17","Thursday","north","9","22","35","628.5540983606547"
"ewr","17","Thursday","middle","9","22","35","512.4467180784517"
"ewr","17","Thursday","north","9","22","36","623.6758703512824"
"ewr","17","Thursday","south","9","22","36","525.3284501462915"
"ewr","17","Thursday","middle","9","22","36","513.1362498374293"
"ewr","17","Thursday","south","9","22","37","526.6473205210457"
"ewr","17","Thursday","north","9","22","37","613.1123535611362"
"ewr","17","Thursday","middle","9","22","37","508.8710104275006"
"ewr","17","Thursday","middle","9","22","37","508.56600859095687"
"ewr","17","Thursday","south","9","22","37","524.2278186274751"
"ewr","17","Thursday","north","9","22","37","614.2455824326283"
"ewr","17","Thursday","south","9","22","38","525.4172644594656"
"ewr","17","Thursday","middle","9","22","38","508.5824205716856"
"ewr","17","Thursday","north","9","22","38","615.8429798309242"
"ewr","17","Thursday","south","9","22","39","523.7637579324074"
"ewr","17","Thursday","middle","9","22","39","510.5461292957816"
"ewr","17","Thursday","north","9","22","39","617.7496143017588"
"ewr","17","Thursday","south","9","22","40","525.0420593058777"
"ewr","17","Thursday","north","9","22","40","616.5335116358635"
"ewr","17","Thursday","middle","9","22","40","512.7007741400198"
"ewr","17","Thursday","north","9","22","41","617.3894841975203"
"ewr","17","Thursday","south","9","22","41","526.4341184645621"
"ewr","17","Thursday","middle","9","22","41","511.19306424907455"
"ewr","17","Thursday","north","9","22","42","619.1540464461631"
"ewr","17","Thursday","south","9","22","42","527.5433645302097"
"ewr","17","Thursday","middle","9","22","42","512.6079290118278"
"ewr","17","Thursday","north","9","22","43","620.9921894619931"
"ewr","17","Thursday","middle","9","22","43","523.2796284829675"
"ewr","17","Thursday","south","9","22","43","525.1856242095405"
"ewr","17","Thursday","north","9","22","44","620.3820265558952"
"ewr","17","Thursday","south","9","22","44","523.7122656764064"
"ewr","17","Thursday","middle","9","22","44","524.1695194471339"
"ewr","17","Thursday","north","9","22","45","621.615577542569"
"ewr","17","Thursday","middle","9","22","45","522.4049786670381"
"ewr","17","Thursday","south","9","22","45","525.6831254331321"
"ewr","17","Thursday","middle","9","22","46","516.992622570116"
"ewr","17","Thursday","north","9","22","46","623.8512084758873"
"ewr","17","Thursday","south","9","22","46","526.4438114900302"
"ewr","17","Thursday","south","9","22","47","526.3596150522807"
"ewr","17","Thursday","north","9","22","47","625.8432410086851"
"ewr","17","Thursday","middle","9","22","47","516.6126684933648"
"ewr","17","Thursday","south","9","22","48","524.7164584161114"
"ewr","17","Thursday","north","9","22","48","626.4047564277816"
"ewr","17","Thursday","middle","9","22","48","530.3051156346472"
"ewr","17","Thursday","north","9","22","49","624.7898142560123"
"ewr","17","Thursday","middle","9","22","49","531.0152614323943"
"ewr","17","Thursday","south","9","22","49","522.1045822670602"
"ewr","17","Thursday","north","9","22","50","625.3525897842743"
"ewr","17","Thursday","middle","9","22","50","531.971983834553"
"ewr","17","Thursday","south","9","22","50","522.5825714955728"
"ewr","17","Thursday","north","9","22","51","629.4343183722301"
"ewr","17","Thursday","middle","9","22","51","530.3883863189918"
"ewr","17","Thursday","south","9","22","51","522.9481252057165"
"ewr","17","Thursday","north","9","22","52","628.9738514848073"
"ewr","17","Thursday","middle","9","22","52","527.0497519046703"
"ewr","17","Thursday","south","9","22","52","523.6150682972171"
"ewr","17","Thursday","north","9","22","53","628.3655015797813"
"ewr","17","Thursday","south","9","22","53","525.0731309335664"
"ewr","17","Thursday","middle","9","22","53","524.067862681987"
"ewr","17","Thursday","middle","9","22","53","522.8971149394107"
"ewr","17","Thursday","south","9","22","53","525.4594386351625"
"ewr","17","Thursday","north","9","22","53","628.7516894265528"
"ewr","17","Thursday","north","9","22","54","628.3571120116925"
"ewr","17","Thursday","south","9","22","54","523.5871408915276"
"ewr","17","Thursday","middle","9","22","54","522.4639948286986"
"ewr","17","Thursday","middle","9","22","55","523.086515458223"
"ewr","17","Thursday","north","9","22","55","629.2303729786273"
"ewr","17","Thursday","south","9","22","55","523.1690078408689"
"ewr","17","Thursday","middle","9","22","56","522.0235361350203"
"ewr","17","Thursday","south","9","22","56","523.552568134181"
"ewr","17","Thursday","north","9","22","56","625.496049561212"
"ewr","17","Thursday","middle","9","22","57","522.953201970445"
"ewr","17","Thursday","north","9","22","57","624.9643557410985"
"ewr","17","Thursday","south","9","22","57","523.9347989152456"
"ewr","17","Thursday","north","9","22","58","627.232248423642"
"ewr","17","Thursday","south","9","22","58","524.2773185886124"
"ewr","17","Thursday","middle","9","22","58","523.32462632144"
"ewr","17","Thursday","north","9","22","59","627.9724699659774"
"ewr","17","Thursday","middle","9","22","59","523.5002063540951"
"ewr","17","Thursday","south","9","22","59","520.6111399676261"
"ewr","17","Thursday","north","9","23","0","633.1785134467531"
"ewr","17","Thursday","south","9","23","0","521.4747839589473"
"ewr","17","Thursday","middle","9","23","0","521.1067019056595"
"ewr","17","Thursday","south","9","23","1","522.9562156809798"
"ewr","17","Thursday","middle","9","23","1","515.3932777954436"
"ewr","17","Thursday","north","9","23","1","648.2742214316845"
"ewr","17","Thursday","south","9","23","2","523.8483275518697"
"ewr","17","Thursday","north","9","23","2","648.0219420232211"
"ewr","17","Thursday","middle","9","23","2","515.9289638932523"
"ewr","17","Thursday","north","9","23","3","651.3831992694372"
"ewr","17","Thursday","south","9","23","3","521.8770648376469"
"ewr","17","Thursday","middle","9","23","3","516.3229593766297"
"ewr","17","Thursday","north","9","23","4","650.1334328775239"
"ewr","17","Thursday","middle","9","23","4","517.013855816886"
"ewr","17","Thursday","south","9","23","4","522.8367848135056"
"ewr","17","Thursday","north","9","23","5","647.065172743266"
"ewr","17","Thursday","middle","9","23","5","527.8535475698606"
"ewr","17","Thursday","south","9","23","5","521.3783722368618"
"ewr","17","Thursday","north","9","23","6","659.6628589580823"
"ewr","17","Thursday","middle","9","23","6","531.0868180121937"
"ewr","17","Thursday","south","9","23","6","518.5823665266125"
"ewr","17","Thursday","middle","9","23","7","536.2463210090177"
"ewr","17","Thursday","north","9","23","7","666.5107178853311"
"ewr","17","Thursday","south","9","23","7","531.7781059451415"
"ewr","17","Thursday","north","9","23","8","668.2454158118378"
"ewr","17","Thursday","middle","9","23","8","537.6133866707512"
"ewr","17","Thursday","south","9","23","8","551.0559540890662"
"ewr","17","Thursday","middle","9","23","9","539.8532453294218"
"ewr","17","Thursday","north","9","23","9","672.9302351172628"
"ewr","17","Thursday","south","9","23","9","552.2605321508646"
"ewr","17","Thursday","north","9","23","10","674.7748099231355"
"ewr","17","Thursday","middle","9","23","10","544.0146490404544"
"ewr","17","Thursday","south","9","23","10","554.5798287107323"
"ewr","17","Thursday","north","9","23","11","677.8586006912026"
"ewr","17","Thursday","south","9","23","11","554.6160106815264"
"ewr","17","Thursday","middle","9","23","11","545.3170965493198"
